label,group_id,split_id,group,target,c1_m1,c2_m1,c1_m2,c2_m2,c1_m3,c2_m3,c1_m4,c2_m4,t -> c2,t -> c1,c2 -> t,c2 -> c1,c1 -> t,c1 -> c2,permute
1,1,0,1,"chainer/chainer,tensorflow/tensorflow,pytorch/pytorch",False,True,False,False,False,False,True,False,-4.900914712840955,-4.528915589730473,4.647174956892537,-0.21873227485269495,-1.2508250143458663,0.8841083357933884,0
1,2,0,2,"voldemort/voldemort,apache/cassandra,linkedin/venice",False,False,False,True,False,False,True,False,13.129564096780529,-11.166223460015246,-9.763280257673486,18.09935988251017,-7.1055553873187245,2.0465791239226347,0
1,3,0,3,"koush/androidasync,androidx/androidx,koush/ion",False,False,False,False,False,False,True,True,-50.05698190361003,-0.8475555057579363,-73.88596970039227,-23.44301087319974,-0.8584087624718585,10.165868320233157,0
1,4,0,4,"stephanenicolas/robospice,square/retrofit,google/volley",False,False,False,False,False,False,True,True,-0.2823894690878721,-2.6065950690713713,-0.1951497622967885,0.3256275739431476,-11.901785881431268,-11.717715669414632,0
1,5,0,5,"square/keywhiz,hashicorp/vault,lyft/confidant",False,False,False,True,False,False,True,False,5.054170960644389,-3.9794923327598246,-37.08394750490457,0.8479222952992943,-3.5497839583945128,6.25471667199062,0
1,6,0,6,"bizz84/swiftystorekit,RevenueCat/purchases-ios,apphud/ApphudSDK",False,False,True,True,False,False,False,False,6.531839477614712,14.064776825723785,-18.182669168348475,19.411806707463906,-20.4407103972893,42.71641835306743,0
1,7,0,7,"facebook/xctool,facebook/xcbuild,xcpretty/xcpretty",False,True,False,False,False,False,True,False,-17.365528003154186,-7.589806285800737,19.228215935921927,-45.868456077995944,-1.4820921806840044,-5.129234299164502,0
1,8,0,8,"sass/libsass,sass/dart-sass,sass/sassc",False,False,False,True,False,False,True,False,4.646948565240132,-26.207158886577037,-108.56270080583886,34.17386686919175,-17.79997260577287,-12.736961734170611,0
1,9,0,9,"amrayn/easyloggingpp,gabime/spdlog,google/glog",False,False,True,True,False,False,False,False,2.110893426171706,2.3447270735324004,-88.89428590848614,51.82246463785446,-1.3834502576367274,1.8742329428844753,0
1,10,0,10,"cocos2d/cocos2d-x,defold/defold,cocos/cocos-engine",False,False,False,False,False,False,True,True,-25.431823109692374,-2.085222995864824,-9.71003466593592,-0.7642531524988354,-17.003328396752753,-9.862983891962168,0
1,11,0,11,"overviewer/minecraft-overviewer,webbukkit/dynmap,BlueMap-Minecraft/BlueMap",True,True,False,False,False,False,False,False,-36.42214034295733,-28.76397337960954,9.826424332480292,2.555173712099855,9.724754237757976,-1.1262089598177214,0
1,12,0,12,"sass/node-sass,stylus/stylus,sass/dart-sass",False,False,False,False,True,False,False,True,-4.769905704685574,13.125290911734204,-10.270858687948225,1.8907625772489423,9.978774778861313,15.879651977983643,0
1,13,0,13,"ripple/rippled,stellar/stellar-core,XRPLF/clio",False,False,False,True,True,False,False,False,5.668060413654968,4.034615971214897,-5.083530596008196,-11.09704022575771,0.8758773080507404,-5.866908459733047,0
1,14,0,14,"facebookresearch/pytext,facebookresearch/fairseq,pytorch/text",False,False,False,False,False,True,True,False,26.242654843898606,-44.93741607807686,24.97262358371999,-25.777274690185564,-43.78322368938347,-22.04149137528516,0
1,15,0,15,"allenai/allennlp,huggingface/transformers,flairNLP/flair",True,False,False,False,False,False,False,True,-5.669958327627934,-18.456250102047374,-3.6503513266299645,-3.4604700851656536,4.599182589833602,-1.3477900592900591,0
1,16,0,16,"deepmind/dm-haiku,pytorch/pytorch,google/flax",False,False,True,False,False,False,False,True,-123.61354599684185,0.8710835313039487,-9.334192236654312,-7.023894158881627,-0.6169603974532627,-1.3761249575536882,0
1,17,0,17,"railsware/upterm,Eugeny/terminus,vercel/hyper",False,False,True,False,False,False,False,True,-11.963085719481944,19.111801056638928,-0.4638675945190259,30.929831758871767,-135.1295958876231,21.82708383091055,0
1,18,0,18,"microsoft/reactxp,flutter/flutter,necolas/react-native-web",False,False,True,False,False,False,False,True,-30.837884380385592,45.59293724080297,-25.193364100944706,24.580538030735838,-9.693017967609938,-0.39275342879033087,0
1,19,0,19,"alibaba/bizcharts,antvis/g2,recharts/recharts",False,False,True,True,False,False,False,False,7.168685058333892,11.049433350985838,-6.959629062124918,-18.172317265930992,-8.000143333790627,-14.794705538877878,0
1,20,0,20,"graphql/express-graphql,graphile/postgraphile,apollographql/apollo-server",False,False,False,False,True,True,False,False,18.479571469216246,3.229861879068571,6.142801065694289,2.653110874081412,0.6004552829981679,-2.3590599274727118,0
1,21,0,21,"apollographql/apollo-tooling,dotansimha/graphql-code-generator,apollographql/rover",False,True,False,False,True,False,False,False,-8.89026740213385,10.658383862373471,4.6333350158650735,5.943635352371248,6.6553556710254345,7.047811181851355,0
1,22,0,22,"alephjs/aleph.js,vercel/next.js,denoland/fresh",False,False,True,False,False,False,False,True,-15.655787460161624,23.91818496124009,-116.2232567877202,-54.76952889785074,-3.64354449598856,-2.414850019134321,0
1,23,0,23,"componentjs/component,webpack/webpack,browserify/browserify",True,False,False,False,False,True,False,False,3.0743113247571245,-32.38026426203525,2.544534505134466,4.6183059610303605,7.336269675412971,-58.40584416719076,0
1,24,0,24,"moscajs/mosca,eclipse/mosquitto,moscajs/aedes",True,False,False,False,False,False,False,True,-23.120170204474707,-14.42997239738508,-8.084358466309643,8.236795853749385,7.107776341075296,2.9346590269162736,0
1,25,0,25,"aheckmann/gm,lovell/sharp,moxystudio/node-cross-spawn",False,False,False,False,False,True,True,False,23.07222946768509,-0.581200464910052,18.47351341254555,9.616951558590875,-30.887838188547445,-3.8448555872451413,0
1,26,0,26,"exacttarget/fuelux,twbs/bootstrap,salesforce/lwc",False,True,False,False,False,False,True,False,-2.7260338824109076,-0.7122457299862328,0.3621836159189538,-6.416122442641553,-6.2693967041745875,6.658126117252728,0
1,27,0,27,"automattic/kue,OptimalBits/bull,agenda/agenda",False,False,False,False,True,False,False,True,-17.875781804215144,10.118053835048736,-1.8828984389026935,-4.792926095461172,14.55064151615771,6.310658507735119,0
1,28,0,28,"phenomic/phenomic,vercel/next.js,gatsbyjs/gatsby",False,False,False,False,True,True,False,False,3.7507441944976336,1.314610091600607,1.0902485527831873,7.142058880146611,4.293852583407385,3.147428473984732,0
1,29,0,29,"redux-form/redux-form,formium/formik,final-form/react-final-form",False,False,True,False,False,False,False,True,-1.6416812281282676,5.708253588032247,-19.574122536732897,16.819294653018588,-1.8025084140823173,0.840645119825974,0
1,30,0,30,"adobe/brackets,microsoft/vscode,atom/atom",False,False,False,False,True,False,False,True,-22.58696079236997,12.138972970007766,-1.3553134951335395,1.5451324857813926,2.4577252043527094,4.131448762635302,0
1,31,0,31,"ronggang/pt-plugin-plus,Jackett/Jackett,pt-plugins/PT-depiler",False,False,False,False,True,True,False,False,0.30269646795211314,14.51422557993301,20.19959911304118,33.95649349251615,1.05934399988,6.184915059527241,0
1,32,0,32,"nteract/hydrogen,microsoft/vscode,nteract/nteract",False,False,True,False,False,True,False,False,24.353624782900724,15.25269472325298,0.07620083606736916,-1.1167526681495403,-0.8242451527469298,-0.35932002077660813,0
1,33,0,33,"snowpackjs/snowpack,evanw/esbuild,parcel-bundler/parcel",True,False,False,False,False,True,False,False,1.5553716716464712,-0.1521606921789073,16.29627197239789,14.024404913942606,0.5181010060562323,-0.9069827765096363,0
1,34,0,34,"facebook/create-react-app,vercel/next.js,insin/nwb",True,False,False,False,False,False,False,True,-3.4203031206832057,-5.350343629794705,-5.047570220119472,66.88787728304594,0.7211662711327683,-7.95145032942295,0
1,35,0,35,"olefredrik/foundationpress,twbs/bootstrap,Semantic-Org/Semantic-UI",False,False,False,True,False,False,True,False,0.08033327907305018,-13.422332898758146,-1.9902684688284933,-0.8513675515491417,-0.664608990993407,-0.6498760168620638,0
1,36,0,36,"rocketeers/rocketeer,deployphp/deployer,laravel/envoy",False,True,False,False,False,False,True,False,-1.9863112158231295,-6.635073511116805,39.34580220094435,-40.62049109548136,-22.247013991592144,-8.680514266448336,0
1,37,0,37,"chriskacerguis/codeigniter-restserver,laravel/framework,codeigniter4/CodeIgniter4",False,False,True,True,False,False,False,False,7.204604550995464,22.74908358552306,-8.707681333530392,-13.00594870357381,-1.5516939119965114,6.064597447674717,0
1,38,0,38,"sds/scss-lint,stylelint/stylelint,kristerkari/stylelint-scss",False,False,False,False,False,False,True,True,-6.514293374787257,-17.9225016730586,-3.3581816717388,-10.38707856864379,-7.185393186082553,-16.564079352824894,0
1,39,0,39,"eventmachine/eventmachine,puma/puma,celluloid/celluloid",True,False,False,False,False,True,False,False,4.247150661964515,-16.5221207813847,5.556360163812933,-3.1672054592204586,1.1341349967418253,2.7184751575698827,0
1,40,0,40,"thoughtbot/paperclip,rails/rails,carrierwaveuploader/carrierwave",False,False,False,True,False,False,True,False,9.203711366758453,-3.702244591655432,-9.187280440643274,-0.660277819735868,-0.7068805214926552,-0.7235153328572136,0
1,41,0,41,"masterminds/glide,golang/go,pote/gpm",False,False,False,True,True,False,False,False,19.905165285340054,1.4959338020293842,-51.29463593543238,-46.27203727199137,2.828942199542153,2.4812380980468407,0
1,42,0,42,"sirupsen/logrus,uber-go/zap,rs/zerolog",False,False,False,False,False,False,True,True,-30.50142337766283,-6.46521044608865,-37.70526058924096,-1.3729096169124142,-46.235987081162214,-24.158255522031904,0
1,43,0,43,"lib/pq,jackc/pgx,go-pg/pg",False,False,False,False,True,True,False,False,0.8825739844180548,31.681903204666238,5.773346084244722,-2.567154964040635,3.3213107050031474,-10.36873263620156,0
1,44,0,44,"go-mgo/mgo,coreos/bbolt,lib/pq",False,False,False,False,True,False,False,True,-64.52162011653029,51.21284409964313,-18.73348239934927,16.86348348272458,31.917125987352236,1.4001570323707895,0
1,45,0,45,"tfsec/tfsec,bridgecrewio/checkov,aquasecurity/trivy",False,True,False,False,False,False,True,False,-3.5543457596038497,-8.199047659169967,40.65795245602607,0.9143596657779275,-1.5797863241435859,-2.8814269687994347,0
1,46,0,46,"withastro/snowpack,evanw/esbuild,parcel-bundler/parcel",True,False,False,False,False,True,False,False,1.5553716716464712,-0.1521606921789073,16.29627197239789,14.024404913942606,0.5181010060562323,-0.9069827765096363,0
1,47,0,47,"gfx-rs/gfx,gfx-rs/wgpu,vulkano-rs/vulkano",False,False,True,False,False,True,False,False,4.809044345297651,26.686954605369717,89.85455620735311,73.54124392351218,-11.933961593625611,7.247763707028213,0
1,48,0,48,"bytecodealliance/lucet,wasmerio/wasmer,bytecodealliance/wasmtime",False,True,False,False,False,False,True,False,-0.8155292090972489,-12.081001967192156,3.692614687589865,-6.209772987649739,-1.0115873335345982,-2.016603565029677,0
1,49,0,49,"racer-rust/racer,rust-lang/rust-analyzer,intellij-rust/intellij-rust",False,False,False,False,True,True,False,False,36.112993611737046,65.93036568261084,8.199054126717664,-18.209943836629616,18.273071237494616,-8.916225888898348,0
1,50,0,50,"pistondevelopers/conrod,iced-rs/iced,emilk/egui",False,False,True,False,False,True,False,False,4.680556096035595,26.258736036769044,10.921198486239257,-11.270320808483943,-6.661757350543605,1.4588921553519532,0
1,51,0,51,"rust-lang/rls,rust-lang/rust-analyzer,intellij-rust/intellij-rust",True,True,False,False,False,False,False,False,-8.603563518530903,-3.0702967321303336,2.188709763027907,-3.865576144993213,2.058047319688207,-5.1187662471161,0
1,52,0,52,"redox-os/orbtk,slint-ui/slint,iced-rs/iced",False,False,False,False,False,False,True,True,-3.214708478846591,-1.4696186423648283,-3.578445335647884,5.449002229940336,-5.077542427789901,-0.44222034189689546,0
1,53,0,53,"godot-rust/godot-rust,godot-rust/gdext,godotengine/godot-cpp",True,False,False,False,False,False,False,True,-58.955454570021914,-24.50499746678803,-15.046888600879733,11.657769537275573,9.515863610891026,-2.4599821125097865,0
1,54,0,54,"alpa-projects/alpa,openxla/xla,NVIDIA/Megatron-LM",False,True,False,False,True,False,False,False,-26.25797722293551,26.677265864269888,9.048971370151385,1.962064820942159,3.48185095533432,4.144332053913923,0
1,55,0,55,"fredkschott/snowpack,evanw/esbuild,parcel-bundler/parcel",True,False,False,False,False,True,False,False,1.5553716716464712,-0.1521606921789073,16.29627197239789,14.024404913942606,0.5181010060562323,-0.9069827765096363,0
1,56,0,56,"abumq/easyloggingpp,gabime/spdlog,google/glog",False,False,True,True,False,False,False,False,2.110893426171706,2.3447270735324004,-88.89428590848614,51.82246463785446,-1.3834502576367274,1.8742329428844753,0
1,57,0,57,"thedevdojo/voyager,filamentphp/filament,thedevdojo/wave",False,True,False,False,False,False,True,False,-8.165553586901037,-6.408272414727363,9.439027565005432,18.92335894181672,-0.7050556076809792,3.70942469613329,0
1,58,0,58,"nagadomi/waifu2x,DeadSix27/waifu2x-converter-cpp,lltcggie/waifu2x-caffe",False,False,True,False,False,False,False,True,-25.475963592506773,64.17183374349406,-15.580246928284632,-14.72711493909147,-38.09927000819521,3.286809450867395,0
1,59,0,59,"lagom/lagom,akka/akka,lightbend/kalix-jvm-sdk",False,False,False,False,False,True,True,False,1.1642939295425387,-39.77062812888237,7.432380132683288,0.42561352704662686,-20.027432154893585,8.904805455948074,0
0,60,0,60,"python/cpython,php/php-src,ruby/ruby",False,False,True,False,False,True,False,False,1.8305222292494896,1.6316061236577966,4.10921284908423,-4.0972949118357,-2.630514622149467,-2.0915783636147887,0
0,61,0,61,"rails/rails,django/django,sinatra/sinatra",False,False,False,True,False,False,True,False,0.4817121336234299,-1.6544473379436544,-0.7960965621446956,2.908504913676311,-2.9898068346771103,0.5732471195741491,0
0,62,0,62,"django/django,rails/rails,pallets/flask",False,False,False,False,False,True,True,False,7.596399460911276,-3.1675020331870374,5.0407399882581325,13.43325627555685,-3.3739006977190393,2.7652506135101107,0
0,63,0,63,"jquery/jquery,stimulusjs/stimulus,fabiospampinato/cash",False,False,True,False,False,True,False,False,12.493591512568713,2.3849389004821666,2.650323501451914,14.58029183109919,-27.835785703292714,2.5754494215405024,0
0,64,0,64,"tesseract-ocr/tesseract,PaddlePaddle/PaddleOCR,faustomorales/keras-ocr",True,False,False,True,False,False,False,False,1.6902287088984558,-1.9961419779901697,-52.209871141791886,45.42413462933802,2.9827827906627675,-0.8934462768333621,0
0,65,0,65,"golang/go,llvm/llvm-project,gcc-mirror/gcc",False,False,False,False,False,True,True,False,0.3691985238524656,-1.934895706196493,3.042003711278272,1.023083365021132,-4.3930825717902104,0.4067713963295372,0
0,66,0,66,"scrapy/scrapy,seleniumhq/selenium,microlinkhq/metascraper",False,False,True,False,False,True,False,False,3.947470095355824,8.598092582912559,3.64710051632499,2.5849698078070524,-0.4501519674303231,4.893955660763216,0
0,67,0,67,"protocolbuffers/protobuf,apache/thrift,apache/avro",False,True,True,False,False,False,False,False,-3.537452524548425,9.698530642657188,7.64052390523011,-14.388307570149895,-9.549980956089332,-1.3115217301896631,0
0,68,0,68,"jetbrains/kotlin,scala/scala,apache/groovy",False,False,False,False,False,False,True,True,-0.3005527507803169,-2.0058408012446827,-6.0976996675895165,1.4557351715871114,-7.540074728217082,-2.1274687286497334,0
0,69,0,69,"google/guava,apache/commons-lang,apache/commons-io",False,False,True,False,False,False,False,True,-6.038750288344641,14.02613712726354,-4.544492141037413,12.987903815984083,-0.005665913029138399,-7.5394086368839455,0
0,70,0,70,"JuliaLang/julia,rust-lang/rust,python/cpython",False,False,False,True,False,False,True,False,4.098887345321706,-5.822124529380523,-0.27217489756079777,4.667397546936859,-4.497315134716146,1.4173078259518068,0
0,71,0,71,"bitcoin/bitcoin,libbitcoin/libbitcoin-system,bitcoinj/bitcoinj",False,False,True,True,False,False,False,False,4.845284129023429,2.0319249385703078,-0.8998332844119817,-9.587750653313089,-0.6582977660586922,0.9837945755158137,0
0,72,0,72,"ohmyzsh/ohmyzsh,Bash-it/bash-it,sorin-ionescu/prezto",False,False,False,False,True,True,False,False,1.7590753836271886,2.0434312843929896,11.164138364757957,12.279835062958636,4.213744269549319,-6.932682111093068,0
0,73,0,73,"nodejs/node,python/cpython,ruby/ruby",True,True,False,False,False,False,False,False,-5.810144115156663,-3.595213961532605,0.2097829111685418,0.5616420189900585,0.8773286684958512,-2.5310263318003074,0
0,74,0,74,"spring-projects/spring-framework,apache/tomcat,apache/struts",False,False,True,False,False,False,False,True,-1.7473138387598945,1.8548135581896588,-7.074701110687175,7.880824643119258,-4.5342727614616525,0.3731323836481444,0
0,75,0,75,"scikit-learn/scikit-learn,mlpack/mlpack,statsmodels/statsmodels",False,False,True,True,False,False,False,False,0.9147579331195761,0.12360757292962903,-2.119415807708325,-2.391999562140827,-8.730793039298025,0.798030123463153,0
0,76,0,76,"redis/redis,tarantool/tarantool,memcached/memcached",True,False,False,False,False,False,False,True,-4.0661356105833635,-1.2414871455620975,-1.3244811314835025,2.7615656827813098,2.439822937614853,-0.009501920163920522,0
0,77,0,77,"elastic/elasticsearch,apache/solr,blevesearch/bleve",False,False,True,True,False,False,False,False,1.271596950424712,5.957274890846003,-36.39403904330441,-10.33430613663895,-2.517505313717984,9.152565478505162,0
0,78,0,78,"socketio/socket.io,websockets/ws,faye/faye",False,True,False,False,True,False,False,False,-0.4161713171634058,3.833392461437244,41.466849284727026,-34.450278108693766,3.7816899441597394,5.416116732303063,0
0,79,0,79,"expressjs/express,balderdashy/sails,hapijs/hapi",False,True,False,False,True,False,False,False,-4.145297333250033,22.80681937940981,9.173251345419605,-22.118315244305382,15.220093254688042,2.777783086718566,0
0,80,0,80,"jekyll/jekyll,getpelican/pelican,middleman/middleman",False,False,True,False,False,False,False,True,-2.15752982395171,1.844165361077577,-7.234403399197379,-4.064847289026358,-14.641335513456402,-8.758034858118464,0
0,81,0,81,"opencv/opencv,scikit-image/scikit-image,davisking/dlib",False,False,False,True,False,False,True,False,0.5703422351493985,-0.3021950938890904,-7.421413578120606,1.0598995001406897,-2.524821324929885,-0.36336226212168526,0
0,82,0,82,"rust-lang/rust,golang/go,nim-lang/Nim",False,False,False,False,False,False,True,True,-5.1809658712739495,-2.933861828861367,-10.282960287544297,-11.92086148211346,-1.809936210380444,-2.623382029907544,0
0,83,0,83,"lodash/lodash,ramda/ramda,jashkenas/underscore",True,False,False,True,False,False,False,False,6.627508927799326,-20.82596348549299,-4.566150597973286,-1.2549929350088616,3.8663321921194047,-8.210030043958415,0
0,84,0,84,"swiftlang/swift,rust-lang/rust,golang/go",False,False,False,False,False,False,True,True,-0.3963564494618499,-6.720678680891412,-5.302067384468688,0.5674402522775701,-3.426677674040397,-6.037355100192335,0
0,85,0,85,"apple/swift,rust-lang/rust,JetBrains/kotlin",False,False,False,False,False,False,True,True,-1.9910796139523677,-2.644304972235063,-1.3427869502265968,-0.22532133128594872,-2.896506020861305,-3.1453572997065398,0
0,86,0,86,"mrdoob/three.js,BabylonJS/Babylon.js,playcanvas/engine",False,False,False,False,False,False,True,True,-0.587449204578478,-1.3883686302369986,-3.1804220921308652,-1.4958378507672565,-11.945109144227455,-5.853832879662371,0
0,87,0,87,"d3/d3,highcharts/highcharts,plotly/plotly.js",False,False,True,False,False,True,False,False,4.501903433182343,12.567396057698828,5.7496033687806225,-13.53608110347701,-0.9156160705367378,-13.85180827024745,0
0,88,0,88,"psf/requests,urllib3/urllib3,twisted/treq",False,False,False,True,False,False,True,False,2.7616329089911655,-2.851607896068666,-16.367858653452284,-5.355280304292783,-14.845535391997812,-6.47899402509044,0
0,89,0,89,"pallets/flask,django/django,expressjs/express",False,False,False,False,True,False,False,True,-12.049122583842186,9.12201043988894,-24.011484459843597,-5.48066257710362,7.068209998120715,1.2435215758090494,0
0,90,0,90,"twbs/bootstrap,zurb/foundation-sites,primer/css",False,True,False,False,False,False,True,False,-1.9051880870677287,-3.814336023250969,5.375449523360073,8.816013011618704,-5.66908260736086,0.31426487856420415,0
0,91,0,91,"square/okhttp,jetty/jetty.project,apache/httpcomponents-client",True,True,False,False,False,False,False,False,-2.4198832418303593,-15.190491604552747,8.853684108266657,11.93571716934219,3.4722160605398806,2.4775898709185697,0
0,92,0,92,"reactivex/rxjava,reactor/reactor-core,Kotlin/kotlinx.coroutines",False,True,False,False,False,False,True,False,-8.223611463608538,-27.046036027383074,2.569231768541298,7.692104020026139,-11.491869741283098,1.140486114860659,0
0,93,0,93,"definitelytyped/definitelytyped,microsoft/TypeScript,sindresorhus/type-fest",False,False,False,True,False,False,True,False,0.47988637456990235,-3.5605231881324846,-7.3583095224235935,-113.43924198935542,-18.548768731627206,2.9173984609924766,0
0,94,0,94,"moment/moment,date-fns/date-fns,moment/luxon",True,True,False,False,False,False,False,False,-0.14177507788917737,-1.29316317512565,8.811092439645284,8.96032368746593,6.387199861835711,2.3100018094476877,0
0,95,0,95,"rclone/rclone,iterate-ch/cyberduck,aws/aws-cli",False,False,False,True,True,False,False,False,4.513018280871081,21.161943589921048,-3.366672634636375,-1.4071228064103276,0.18789598011942593,-1.880096324011018,0
0,96,0,96,"webpack/webpack,rollup/rollup,parcel-bundler/parcel",False,False,False,True,False,False,True,False,2.218839528198868,-3.431246779462819,-6.96427018971141,0.9480917076792229,-8.278829077678697,-0.8147793544175578,0
0,97,0,97,"moby/moby,canonical/lxd,containerd/containerd",False,False,False,False,False,True,True,False,4.404074496676844,-0.5788729782313222,15.074557443408231,-6.22350655581908,-1.8873839759588764,-1.0301397638885224,0
0,98,0,98,"grafana/grafana,getsentry/sentry,elastic/kibana",False,False,False,False,False,False,True,True,-1.8404775886663733,-4.146423758122285,-0.3606743250827347,-2.240394343920531,-15.638972066666526,-14.28942825886734,0
0,99,0,99,"electron/electron,AvaloniaUI/Avalonia,nwjs/nw.js",False,False,False,False,False,False,True,True,-4.886758478938282,-14.49498398094816,-6.326699168746068,-6.687411208557884,-4.206625331943804,0.7205143676244941,0
0,100,0,100,"godotengine/godot,MonoGame/MonoGame,4ian/GDevelop",False,False,False,False,False,False,True,True,-1.8317875475901162,-1.6622311173099227,-14.538245818073186,8.797038713814068,-8.865751747512256,-3.659982271442074,0
0,101,0,101,"tryghost/ghost,WordPress/WordPress,getgrav/grav",False,False,False,True,False,False,True,False,1.704137005579614,-1.923025659390845,-0.855188760538689,3.125012228976571,-6.817787664797113,0.8651263313641016,0
0,102,0,102,"chartjs/chart.js,highcharts/highcharts,d3/d3",True,False,False,True,False,False,False,False,27.723967316960593,-8.984586297364071,-3.9934953412094543,4.007580719881769,1.7458985642007787,0.04528580349557462,0
0,103,0,103,"apache/echarts,highcharts/highcharts,plotly/plotly.js",False,True,False,False,True,False,False,False,-2.726460909889773,9.662832160334132,0.490420757295815,-7.679749644293711,4.214920476707755,-10.29114596252096,0
0,104,0,104,"etcd-io/etcd,hashicorp/consul,apache/zookeeper",False,False,True,False,False,True,False,False,2.041642828624636,4.362245760521088,22.58111944691724,15.870555179227237,-1.1472299063396982,0.8026806305933097,0
0,105,0,105,"netdata/netdata,grafana/grafana,cacti/cacti",False,True,True,False,False,False,False,False,-8.164836159290463,0.1853854475336532,4.2881750577404505,-32.71117149025884,-3.4949249613969937,-3.496872343145483,0
0,106,0,106,"ansible/ansible,saltstack/salt,cfengine/core",False,False,True,False,False,False,False,True,-1.5922655433366275,0.05361831770051737,-6.894922185418016,6.420271218356052,-0.008101146207612537,-0.6317812851926059,0
0,107,0,107,"spring-projects/spring-boot,apache/tomee,dropwizard/dropwizard",False,False,False,False,True,False,False,True,-1.998112912732285,3.445599802002566,-8.22563889921692,-8.35981453592236,11.063315454587443,4.836566596842858,0
0,108,0,108,"home-assistant/core,node-red/node-red,ioBroker/ioBroker",False,False,True,False,False,True,False,False,2.6257733363884865,2.822792958934672,18.015368960786713,-35.873844818109646,-1.143556840860007,1.1129132829106527,0
0,109,0,109,"freecodecamp/freecodecamp,ossu/computer-science,exercism/exercism",True,False,False,False,False,False,False,True,-1.3855629084201844,-0.18389982051999487,-254.11161848413394,-8.97771992108661,63.612673254616816,9.499081390758704,0
0,110,0,110,"ethereum/go-ethereum,NethermindEth/nethermind,hyperledger/besu",False,False,False,False,False,False,True,True,-20.1238667845471,-0.3935780451841803,-23.040158356371506,-6.010575002150681,-7.78477257947561,-11.240253390601564,0
0,111,0,111,"facebook/react,angular/angular,jquery/jquery",False,False,False,False,False,False,True,True,-9.648482744987547,-3.8046111043192576,-40.55877539702906,-23.91577605676515,-8.307746227088085,-3.0341108089383493,0
0,112,0,112,"gogs/gogs,gitlabhq/gitlabhq,gitbucket/gitbucket",False,False,True,False,False,False,False,True,-17.88750015276283,4.701434393025638,-10.896447895790674,-14.061840666549127,-2.5226756193183233,-4.3763156640317105,0
0,113,0,113,"remix-run/react-router,vercel/next.js,tanstack/router",False,False,False,False,False,False,True,True,-33.308412026120855,-11.074161155932408,-139.49818540265454,-33.38060226644921,-15.879599097747679,-12.436172810025392,0
0,114,0,114,"cypress-io/cypress,seleniumhq/selenium,DevExpress/testcafe",True,True,False,False,False,False,False,False,-0.16627685664400882,-4.620537277926273,26.80459922959444,4.109384910779095,0.08704916771619597,-5.442892449307887,0
0,115,0,115,"gorhill/ublock,brave/brave-browser,adblockplus/adblockplus",False,False,True,False,False,False,False,True,-2.213820064191193,9.322853841689154,-17.30138362746815,-6.848753325056707,-2.389431686298027,0.7953137929347481,0
0,116,0,116,"avelino/awesome-go,fffaraz/awesome-cpp,vinta/awesome-python",False,False,False,False,False,False,True,True,-6.342052090842241,-0.33203869221411536,-14.676927313004134,-30.066198639639204,-17.66784761388908,-10.00343344801539,0
0,117,0,117,"rust-unofficial/awesome-rust,avelino/awesome-go,fffaraz/awesome-cpp",False,False,False,True,False,False,True,False,0.7509591018348921,-4.585867403001755,-2.3606452765947177,-14.129541776717398,-6.6830994065077025,3.864132111291967,0
0,118,0,118,"ocornut/imgui,lvgl/lvgl,Immediate-Mode-UI/Nuklear",False,True,False,False,True,False,False,False,-2.9869045163625327,3.683605668953192,1.133282229621635,16.54930802423464,1.6102776775037007,9.03619262820367,0
0,119,0,119,"pi-hole/pi-hole,NLnetLabs/unbound,AdguardTeam/AdGuardHome",False,False,False,True,False,False,True,False,2.9618703084926374,-1.5670548775990756,-2.3820611770888522,-0.20806956233049098,-7.6554265680988465,-0.9090113858413424,0
0,120,0,120,"minio/minio,ceph/ceph,seaweedfs/seaweedfs",False,False,True,False,False,False,False,True,-10.404360029077319,2.786235622673103,-29.646207467815042,7.370133054978251,-0.8136032599880287,-0.5663234528683408,0
0,121,0,121,"mermaid-js/mermaid,plantuml/plantuml,yuzutech/kroki",False,False,True,False,False,False,False,True,-5.565752815888922,3.588826950335522,-3.067262343489137,3.813987406210906,-3.3585101158549597,-4.258157819825692,0
0,122,0,122,"gohugoio/hugo,sphinx-doc/sphinx,hexojs/hexo",False,False,False,False,False,False,True,True,-12.01544215693232,-7.951372847769615,-6.6957481835142065,0.6228402217600035,-0.4366148698933891,9.36666494325912,0
0,123,0,123,"vsouza/awesome-ios,matteocrippa/awesome-swift,raywenderlich/swift-style-guide",False,False,False,False,False,True,True,False,5.321679467295295,-24.584086227614883,22.837972447093293,25.870533235125514,-53.3778731319798,-7.328217944282142,0
0,124,0,124,"ionic-team/ionic-framework,flutter/flutter,NativeScript/NativeScript",False,False,False,False,False,False,True,True,-5.937383468397398,-8.03810003335723,-14.624351810522302,-8.511380209631055,-20.016275325750044,-14.255626424878432,0
0,125,0,125,"kubernetes/kubernetes,hashicorp/nomad,docker-archive/classicswarm",False,False,False,True,False,False,True,False,5.236472889636145,-0.6393809979073257,-18.676487579463046,-7.024022767644866,-3.203055324615567,-2.5560236386296404,0
0,126,0,126,"serverless/serverless,apache/openwhisk,aws/chalice",False,False,False,False,False,False,True,True,-2.2780030804883142,-0.9040019463327357,-17.330059419029475,-13.492206136283327,-23.08676787441225,-29.969810057979,0
0,127,0,127,"microsoft/typescript,google/closure-compiler,rescript-lang/rescript-compiler",False,False,False,True,False,False,True,False,5.105363950973048,-2.6197200267471867,-13.51005647510334,-0.9347565615718991,-0.3174238912085072,-10.040105737558449,0
0,128,0,128,"ant-design/ant-design,twbs/bootstrap,mui/material-ui",False,False,False,True,False,False,True,False,5.920557507766059,-6.7978125730416785,-17.389269759364222,-13.592372464295021,-5.918752460973945,-5.516174359284127,0
0,129,0,129,"mui/material-ui,ant-design/ant-design,twbs/bootstrap",True,False,False,False,False,False,False,True,-12.897839038907902,-13.7383416341154,-6.065320260666715,-0.43408696238149236,3.1182097117270806,-10.08461421329854,0
0,130,0,130,"apache/superset,metabase/metabase,getredash/redash",False,True,False,False,False,False,True,False,-2.0850659718395033,-7.4672028133815775,5.642425484091059,39.03918612589841,-2.611464951953091,15.430798171593995,0
0,131,0,131,"flutter/flutter,facebook/react-native,NativeScript/NativeScript",True,False,False,False,False,False,False,True,-9.53104428630188,-5.207933793226865,-9.268258118827886,-15.930538708845159,0.37332240234394554,-9.15671552211649,0
0,132,0,132,"traefik/traefik,haproxy/haproxy,kong/kong",False,False,True,False,False,True,False,False,3.5065564792943786,4.815605753617381,1.425228566485521,-1.3086439420945566,-0.8877990004592771,0.9297474972720603,0
0,133,0,133,"strapi/strapi,TryGhost/Ghost,decaporg/decap-cms",False,True,True,False,False,False,False,False,-4.869791059527408,6.0910186492837335,26.882963002343754,-4.477659335651598,-4.41085603725286,1.9914560285639304,0
0,134,0,134,"facebook/react-native,flutter/flutter,NativeScript/NativeScript",False,False,True,False,False,False,False,True,-5.002656144111766,4.956328394898755,-21.564594934153074,-2.5940711049937835,-10.2808268537375,-13.405656504712942,0
0,135,0,135,"storybookjs/storybook,histoire-dev/histoire,tajo/ladle",False,False,True,False,False,True,False,False,2.658266120937974,7.559202470841192,14.13402996128727,-21.906203841595147,-3.379656730284802,-20.989730151325602,0
0,136,0,136,"tensorflow/models,huggingface/transformers,pytorch/vision",False,False,False,False,False,False,True,True,-28.32597220883925,-23.616328951707555,-23.64855268630124,-12.319972199325582,-1.3510037305440425,-10.321213440357711,0
0,137,0,137,"mastodon/mastodon,friendica/friendica,diaspora/diaspora",False,False,False,False,False,True,True,False,6.080472312211683,-5.26548185588174,0.984233072418153,5.137779156275023,-2.0318618371080204,2.7396961596331373,0
0,138,0,138,"angular/angular,emberjs/ember.js,facebook/react",False,False,True,False,False,False,False,True,-4.3953197772282335,0.20966359018902114,-8.428680396259264,-2.9164637644148574,-4.78208831182851,-1.967061882637398,0
0,139,0,139,"tensorflow/tensorflow,pytorch/pytorch,apache/mxnet",False,True,True,False,False,False,False,False,-0.6399368123465367,0.7502315089538786,0.042617934826799576,7.272717712492479,-4.0175790915592,0.9843100326833362,0
0,140,0,140,"microsoft/vscode,pulsar-edit/pulsar,neovim/neovim",False,False,False,False,True,True,False,False,1.5022881531153662,3.437826409970862,0.41780882816096176,-4.2254232899014035,5.584709525862874,-0.5838755911691477,0
0,141,0,141,"reduxjs/redux,reduxjs/redux-toolkit,mobxjs/mobx",False,False,False,False,False,False,True,True,-1.026132879849973,-59.13083005651805,-11.740925789337373,14.423678223594466,-9.560462877266989,7.299838344952922,0
0,142,0,142,"gatsbyjs/gatsby,vercel/next.js,gohugoio/hugo",False,False,False,True,True,False,False,False,8.745993568060257,25.43967507674812,-7.6825292950869,13.363282066749358,2.7918403665808733,-1.4555413096827845,0
0,143,0,143,"sveltejs/svelte,angular/angular,facebook/react",False,False,True,False,False,False,False,True,-1.083872440720844,3.283185110529346,-15.537438908618876,-6.961513638010982,-2.73431615703363,-2.8481290022016137,0
0,144,0,144,"prettier/prettier,eslint/eslint,standard/standard",False,False,True,False,False,False,False,True,-4.261940671357272,2.092149721979242,-2.4940963334733643,4.030113645671652,-1.8728165217952244,-1.0612640232027282,0
0,145,0,145,"commaai/openpilot,apolloauto/apollo,carla-simulator/carla",False,False,False,False,True,False,False,True,-2.9732539404777745,10.37184255280628,-6.025326522574288,-1.007129345675123,1.70787533190328,-4.828713070666444,0
0,146,0,146,"eugeny/tabby,gnome-terminator/terminator,alacritty/alacritty",False,False,False,True,True,False,False,False,3.4472501813604066,6.835591741676997,-25.87862444593556,14.05090365426067,10.553007292836666,-19.224272694597193,0
0,147,0,147,"kamranahmedse/developer-roadmap,bregman-arie/devops-exercises,liuchong/awesome-roadmaps",False,True,False,False,False,False,True,False,-5.97814459074068,-8.051785934800762,104.51607981875495,48.69963804152141,-14.98039743793021,6.532761959882427,0
0,148,0,148,"facebook/docusaurus,mkdocs/mkdocs,docsifyjs/docsify",False,False,False,False,True,False,False,True,-2.0165957353195667,1.8512748610209349,-7.3669004942683,-15.991431442602154,7.8076794381606405,-3.4686338668431946,0
0,149,0,149,"vercel/next.js,gatsbyjs/gatsby,gohugoio/hugo",False,True,False,False,True,False,False,False,-0.777044577189501,4.902411502015626,10.557579970617399,-6.3545538517642095,22.562613870493898,7.963515794117092,0
0,150,0,150,"microsoft/terminal,mintty/mintty,alacritty/alacritty",True,False,False,True,False,False,False,False,4.332035745563155,-8.570669834748733,-3.578869807267534,-5.478067195629007,2.6715351370438722,18.0243986072686,0
0,151,0,151,"nestjs/nest,fastify/fastify,koajs/koa",False,False,False,False,True,True,False,False,4.521027651037594,15.801768246962624,12.713181974475825,-7.271980027976173,7.748147384568166,-0.14581826034269207,0
0,152,0,152,"ElemeFE/element,ant-design/ant-design,youzan/vant",False,False,True,False,False,False,False,True,-3.807614345006126,1.456200890642847,-2.7650394882954408,-2.461001197173021,-3.120112774585273,-7.809500981882508,0
0,153,0,153,"meilisearch/meilisearch,elastic/elasticsearch,typesense/typesense",False,False,False,False,True,False,False,True,-5.425226154107803,0.11078785752354132,-57.87560955510627,-5.1471688853905615,1.2799644152707679,-3.067264220455982,0
0,154,0,154,"jesseduffield/lazygit,jonas/tig,dandavison/delta",True,False,False,False,False,True,False,False,9.133353435657027,-2.7307889698433883,12.857314822875257,3.5918141862001276,10.601698789497084,-25.313363215458757,0
0,155,0,155,"puppeteer/puppeteer,seleniumhq/selenium,gocolly/colly",False,True,False,False,False,False,True,False,-11.356426722663398,-6.810616484454218,17.610103193151065,49.40632500868673,-12.787212164934957,-3.4927052117668715,0
0,156,0,156,"tailwindlabs/tailwindcss,twbs/bootstrap,jgthms/bulma",False,False,False,False,False,False,True,True,-3.5622447936237065,-2.775354813786682,-16.234692085237832,-9.681846119021234,-26.81725927429449,-8.903035521643316,0
0,157,0,157,"vuejs/core,facebook/react,sveltejs/svelte",False,False,False,False,True,True,False,False,27.666528802297986,21.17351218489025,13.57574674180409,-26.838397716424687,9.553360987193019,-57.89631212607662,0
0,158,0,158,"denoland/deno,nodejs/node,oven-sh/bun",True,False,False,False,False,True,False,False,6.3283254335423145,-5.3132830708427665,3.972234449528653,2.4215023048593527,11.43112555099693,-10.182518436295487,0
0,159,0,159,"nuxt/nuxt,vercel/next.js,remix-run/remix",False,True,False,False,False,False,True,False,-14.083467068536834,-41.776854379638,5.112427312196618,18.369414873422333,-11.543556210559013,-6.552959487879419,0
